City_ID,City,Lat,Lng,Max Temp,Humidity,Cloudiness,Wind Speed,Country,Date
0,saskylakh,71.92,114.08,30.07,94,100,17.02,RU,1590518317
1,jining,35.41,116.58,64.42,79,94,6.49,CN,1590518262
2,hamilton,39.18,-84.53,88.0,54,40,6.93,US,1590518490
3,airai,-8.93,125.41,60.13,100,17,0.74,TL,1590518490
4,port elizabeth,-33.92,25.57,46.4,87,93,18.34,ZA,1590518491
5,butaritari,3.07,172.79,82.47,67,80,0.96,KI,1590518491
6,hualmay,-11.1,-77.61,71.51,68,10,7.72,PE,1590518492
7,vardo,70.37,31.11,57.2,47,0,3.36,NO,1590518492
8,saint-philippe,-21.36,55.77,73.4,73,41,6.93,RE,1590518492
9,macau,22.2,113.55,80.6,100,20,4.7,MO,1590518358
10,mitchell,43.71,-98.03,68.0,60,75,9.17,US,1590518493
11,vaini,-21.2,-175.2,71.6,88,75,1.12,TO,1590518494
12,ilulissat,69.22,-51.1,35.6,64,40,5.82,GL,1590518495
13,puerto escondido,15.85,-97.07,80.6,74,40,11.41,MX,1590518495
14,muros,42.78,-9.06,82.0,43,0,5.99,ES,1590518496
15,wahpeton,46.27,-96.61,66.0,82,100,5.82,US,1590518496
16,port alfred,-33.59,26.89,52.54,74,100,24.16,ZA,1590518497
17,itaituba,-4.28,-55.98,82.4,83,75,5.82,BR,1590518497
18,atuona,-9.8,-139.03,80.92,73,25,13.56,PF,1590518497
19,vestmannaeyjar,63.44,-20.27,44.6,81,40,18.34,IS,1590518498
20,thompson,55.74,-97.86,73.4,33,75,6.93,CA,1590518499
21,swan hill,-35.34,143.55,49.6,82,100,2.77,AU,1590518499
22,privas,44.58,4.5,77.0,38,58,19.46,FR,1590518499
23,rocky mountain house,52.37,-114.92,50.58,68,99,7.85,CA,1590518500
24,rikitea,-23.12,-134.97,75.25,79,100,16.11,PF,1590518500
25,hermanus,-34.42,19.23,43.0,90,62,1.01,ZA,1590518418
26,bluff,-46.6,168.33,46.29,91,26,5.75,NZ,1590518501
27,rimouski,48.45,-68.52,71.6,64,75,12.75,CA,1590518501
28,pevek,69.7,170.31,31.8,96,12,8.1,RU,1590518502
29,qaanaaq,77.48,-69.36,31.68,95,78,4.59,GL,1590518503
30,chokurdakh,70.63,147.92,42.04,63,88,13.09,RU,1590518503
31,ushuaia,-54.8,-68.3,46.4,87,75,11.41,AR,1590518504
32,nova olinda do norte,-3.89,-59.09,82.92,88,66,2.01,BR,1590518504
33,geraldton,-28.77,114.6,57.2,87,90,8.05,AU,1590518505
34,ahipara,-35.17,173.17,59.04,93,100,6.91,NZ,1590518505
35,castro,-24.79,-50.01,59.09,58,0,6.58,BR,1590518505
36,olavarria,-36.89,-60.32,60.01,61,0,1.99,AR,1590518506
37,chernyy yar,48.06,46.11,56.93,87,0,12.3,RU,1590518470
38,albany,42.6,-73.97,87.01,44,18,4.65,US,1590518510
39,busselton,-33.65,115.33,54.0,76,94,14.52,AU,1590518510
40,qaqortoq,60.72,-46.03,41.0,75,75,4.7,GL,1590518511
41,henderson,36.04,-114.98,91.99,9,1,9.17,US,1590518511
42,dikson,73.51,80.55,28.76,98,57,11.03,RU,1590518512
43,puerto ayora,-0.74,-90.35,77.0,83,75,9.17,EC,1590518512
44,ojinaga,29.57,-104.42,82.99,30,1,5.82,MX,1590518512
45,brewster,41.4,-73.62,84.0,65,1,8.05,US,1590518513
46,cayenne,4.93,-52.33,82.4,83,75,3.36,GF,1590518514
47,helong,42.54,129.0,45.48,77,1,6.78,CN,1590518434
48,kiunga,-6.12,141.29,73.65,98,75,1.79,PG,1590518515
49,faanui,-16.48,-151.75,81.81,74,1,5.59,PF,1590518516
50,port macquarie,-31.43,152.92,61.0,84,69,3.0,AU,1590518517
51,new norfolk,-42.78,147.06,37.99,87,0,3.09,AU,1590518518
52,sterling,39.01,-77.43,82.99,54,20,5.82,US,1590518519
53,partsa,54.37,42.86,50.76,98,100,9.22,RU,1590518520
54,klaksvik,62.23,-6.59,48.2,81,1,8.05,FO,1590518520
55,quatre cocos,-20.21,57.76,75.0,78,40,10.29,MU,1590518521
56,srednekolymsk,67.45,153.68,50.86,44,0,12.55,RU,1590518521
57,jamestown,42.1,-79.24,84.2,39,1,10.29,US,1590518521
58,kapaa,22.08,-159.32,78.01,78,1,6.93,US,1590518522
59,cape town,-33.93,18.42,54.0,71,75,4.7,ZA,1590518358
60,wegorzewo,54.22,21.74,50.65,93,0,7.45,PL,1590518523
61,kysyl-syr,63.9,122.76,58.96,49,100,5.1,RU,1590518523
62,punta arenas,-53.15,-70.92,48.2,70,40,14.99,CL,1590518524
63,sechura,-5.56,-80.82,76.75,63,87,13.98,PE,1590518228
64,khatanga,71.97,102.5,29.34,93,10,12.59,RU,1590518525
65,banepa,27.63,85.52,64.4,93,75,2.24,NP,1590518526
66,tiksi,71.69,128.87,30.34,98,100,21.81,RU,1590518526
67,terney,45.05,136.61,45.37,87,0,3.8,RU,1590518526
68,stillwater,36.12,-97.06,69.01,82,90,9.17,US,1590518527
69,yellowknife,62.46,-114.35,44.6,52,20,11.41,CA,1590518527
70,pangnirtung,66.15,-65.71,32.0,92,20,17.22,CA,1590518528
71,brae,60.4,-1.35,51.8,81,93,21.92,GB,1590518528
72,nome,64.5,-165.41,54.0,53,90,9.17,US,1590518529
73,port moresby,-9.44,147.18,78.8,94,75,9.17,PG,1590518529
74,leningradskiy,69.38,178.42,31.1,97,0,4.79,RU,1590518529
75,astoria,46.19,-123.83,57.0,76,90,8.05,US,1590518530
76,sinnamary,5.38,-52.95,81.97,81,93,12.53,GF,1590518530
77,hasaki,35.73,140.83,66.2,100,75,3.36,JP,1590518531
78,san patricio,19.22,-104.7,83.52,49,2,7.29,MX,1590518531
79,pemangkat,1.17,108.97,78.62,86,15,3.87,ID,1590518531
80,solnechnyy,50.72,136.63,49.55,49,91,2.84,RU,1590518532
81,hithadhoo,-0.6,73.08,83.75,76,70,7.4,MV,1590518532
82,skibbereen,51.55,-9.27,62.6,77,75,5.82,IE,1590518533
83,touros,-5.2,-35.46,86.0,70,20,11.41,BR,1590518511
84,antsohihy,-14.88,47.99,69.85,88,0,2.8,MG,1590518534
85,omboue,-1.57,9.26,78.53,86,100,8.19,GA,1590518463
86,ribeira grande,38.52,-28.7,69.8,83,20,4.7,PT,1590518535
87,camacupa,-12.02,17.48,61.63,56,0,0.67,AO,1590518535
88,idritsa,56.33,28.9,51.55,77,1,4.0,RU,1590518535
89,provideniya,64.38,-173.3,36.3,91,100,9.42,RU,1590518536
90,olga,43.74,135.29,44.85,91,2,1.63,RU,1590518537
91,vao,-22.67,167.48,74.17,76,80,15.86,NC,1590518538
92,alofi,-19.06,-169.92,62.6,100,21,2.24,NU,1590518538
93,japura,-0.32,102.35,74.03,96,100,3.47,ID,1590518324
94,kaitangata,-46.28,169.85,42.93,91,3,5.91,NZ,1590518539
95,fortuna,40.6,-124.16,61.0,100,90,9.17,US,1590518540
96,georgetown,5.41,100.34,80.01,100,20,4.7,MY,1590518301
97,bredasdorp,-34.53,20.04,46.4,81,86,6.93,ZA,1590518541
98,plastun,44.76,136.29,44.56,90,0,3.11,RU,1590518541
99,severo-kurilsk,50.68,156.12,38.93,90,29,10.74,RU,1590518541
100,souillac,-20.52,57.52,73.4,78,40,10.29,MU,1590518542
101,mwinilunga,-11.74,24.43,64.0,63,21,1.34,ZM,1590518542
102,constantine,36.37,6.61,73.4,49,20,11.41,DZ,1590518543
103,vestmanna,62.16,-7.17,48.2,81,58,8.05,FO,1590518543
104,namwala,-15.75,26.44,64.69,44,0,3.29,ZM,1590518543
105,isangel,-19.55,169.27,74.3,78,100,12.75,VU,1590518544
106,hoopstad,-27.83,25.91,40.3,64,0,5.21,ZA,1590518544
107,faya,18.39,42.45,69.8,39,20,1.12,SA,1590518545
108,tuktoyaktuk,69.45,-133.04,33.8,80,20,12.75,CA,1590518546
109,alice springs,-23.7,133.88,57.2,54,90,3.78,AU,1590518454
110,la palma,33.85,-118.05,82.99,50,1,3.36,US,1590518547
111,bathsheba,13.22,-59.52,87.8,66,20,17.22,BB,1590518547
112,el colomo,19.05,-104.25,82.11,51,28,8.72,MX,1590518548
113,mount gambier,-37.83,140.77,53.6,62,40,14.99,AU,1590518548
114,westport,41.14,-73.36,72.0,73,1,6.93,US,1590518549
115,kandri,21.42,79.27,95.0,19,40,3.36,IN,1590518549
116,vila velha,-20.33,-40.29,77.0,57,0,14.99,BR,1590518549
117,nacala,-14.54,40.67,75.85,80,0,6.73,MZ,1590518550
118,hilo,19.73,-155.09,75.99,64,75,3.36,US,1590518550
119,longyearbyen,78.22,15.64,46.4,89,40,24.16,SJ,1590518551
120,bukama,-9.2,25.85,73.09,55,0,2.42,CD,1590518487
121,hobart,-42.88,147.33,43.0,87,0,8.05,AU,1590518552
122,bambous virieux,-20.34,57.76,75.0,78,40,10.29,MU,1590518552
123,kodiak,57.79,-152.41,48.2,66,75,8.05,US,1590518553
124,matara,5.95,80.54,80.58,85,100,8.55,LK,1590518554
125,hyeres,43.12,6.12,73.99,64,78,3.36,FR,1590518554
126,avera,33.19,-82.53,71.6,88,90,6.93,US,1590518554
127,buraydah,26.33,43.98,91.4,22,75,12.75,SA,1590518374
128,broome,42.25,-75.83,89.01,51,20,4.36,US,1590518556
129,kirakira,-10.45,161.92,80.65,81,18,7.7,SB,1590518556
130,soubre,5.79,-6.61,73.38,95,100,3.91,CI,1590518557
131,kruisfontein,-34.0,24.73,46.04,82,79,13.89,ZA,1590518557
132,barrow,71.29,-156.79,32.0,94,90,4.7,US,1590518552
133,bernay,49.17,0.67,71.01,56,34,8.01,FR,1590518558
134,rio gallegos,-51.62,-69.22,51.8,53,88,9.17,AR,1590518528
135,sisimiut,66.94,-53.67,39.81,70,100,11.45,GL,1590518559
136,olafsvik,64.89,-23.71,43.74,76,83,15.59,IS,1590518560
137,mataura,-46.19,168.86,39.25,93,0,1.68,NZ,1590518560
138,kavaratti,10.57,72.64,84.67,77,61,12.19,IN,1590518560
139,sao joao da barra,-21.64,-41.05,78.8,36,22,2.24,BR,1590518561
140,atar,20.52,-13.05,99.84,10,0,9.51,MR,1590518561
141,ponta do sol,32.67,-17.1,71.6,68,20,5.82,PT,1590518562
142,sindor,62.86,51.89,47.75,83,41,1.36,RU,1590518562
143,hvolsvollur,63.75,-20.22,44.6,81,40,18.34,IS,1590518562
144,tasiilaq,65.61,-37.64,37.4,86,90,10.29,GL,1590518563
145,ballina,-28.87,153.57,62.6,82,90,5.82,AU,1590518563
146,norman wells,65.28,-126.83,55.4,58,75,6.93,CA,1590518563
147,rorvik,64.86,11.24,48.2,100,75,17.22,NO,1590518564
148,high level,58.52,-117.14,44.6,93,90,10.29,CA,1590518564
149,kahului,20.89,-156.47,80.6,57,1,4.94,US,1590518565
150,bowen,-20.02,148.23,57.99,93,0,5.82,AU,1590518565
151,two hills,53.72,-111.75,61.54,50,84,15.43,CA,1590518565
152,half moon bay,37.46,-122.43,88.0,72,1,3.36,US,1590518566
153,phangnga,8.45,98.53,82.4,83,20,5.82,TH,1590518566
154,nkan,0.38,9.78,82.4,83,75,3.36,GA,1590518566
155,nizhniy ingash,56.2,96.53,50.32,94,100,11.23,RU,1590518567
156,avarua,-21.21,-159.78,68.0,94,100,1.12,CK,1590518437
157,palmer,42.16,-72.33,82.99,57,20,6.93,US,1590518568
158,kabare,-2.47,28.82,61.79,84,100,1.01,CD,1590518568
159,nongstoin,25.52,91.27,65.26,100,88,10.42,IN,1590518568
160,lebu,-37.62,-73.65,60.12,81,0,11.99,CL,1590518569
161,lorengau,-2.02,147.27,83.79,71,100,6.69,PG,1590518569
162,ancud,-41.87,-73.82,60.01,76,75,4.7,CL,1590518570
163,baykit,61.67,96.37,41.56,66,100,6.76,RU,1590518570
164,juneau,58.3,-134.42,50.0,76,75,6.93,US,1590518523
165,pisco,-13.7,-76.22,66.99,82,90,9.17,PE,1590518571
166,adrar,20.5,-10.07,94.51,11,0,3.58,MR,1590518572
167,berlevag,70.86,29.09,47.26,77,0,11.27,NO,1590518572
168,upernavik,72.79,-56.15,29.97,94,76,2.8,GL,1590518573
169,kolosovka,56.47,73.61,47.98,68,19,10.8,RU,1590518573
170,mersing,2.43,103.84,77.0,94,100,3.36,MY,1590518573
171,hirara,24.8,125.28,79.45,88,49,8.32,JP,1590518574
172,amapa,1.0,-52.0,81.03,91,93,4.03,BR,1590518574
173,makokou,0.57,12.86,73.78,94,100,2.62,GA,1590518575
174,bethel,41.37,-73.41,82.99,65,1,8.05,US,1590518575
175,khandbari,27.37,87.2,70.16,57,85,3.51,NP,1590518575
176,nikolskoye,59.7,30.79,64.0,29,14,6.71,RU,1590518576
177,san blas,21.52,-105.27,84.2,37,40,3.36,MX,1590518576
178,macherla,16.48,79.43,85.66,69,6,17.72,IN,1590518577
179,narsaq,60.92,-46.05,41.0,75,75,4.7,GL,1590518577
180,oranjemund,-28.55,16.43,54.95,78,0,12.17,NA,1590518578
181,mankono,8.06,-6.19,76.66,88,100,7.25,CI,1590518578
182,padang,-0.95,100.35,80.35,62,100,4.34,ID,1590518578
183,katsuura,35.13,140.3,68.0,94,75,4.7,JP,1590518579
184,colares,38.8,-9.45,82.0,57,20,18.34,PT,1590518579
185,mogadishu,2.04,45.34,80.85,84,3,14.18,SO,1590518299
186,codrington,-38.27,141.97,52.11,61,99,13.2,AU,1590518580
187,luena,-11.78,19.92,64.02,51,6,1.54,AO,1590518580
188,sao felix do xingu,-6.64,-51.99,80.53,89,100,0.27,BR,1590518581
189,mar del plata,-38.0,-57.56,57.2,67,40,8.05,AR,1590518287
190,cidreira,-30.18,-50.21,57.99,70,96,17.63,BR,1590518582
191,esperance,-33.87,121.9,50.0,93,10,10.29,AU,1590518582
192,mahebourg,-20.41,57.7,73.4,78,40,10.29,MU,1590518583
193,chipata,-13.63,32.65,64.71,61,0,3.69,ZM,1590518583
194,kondopoga,62.21,34.26,55.4,66,49,2.75,RU,1590518407
195,coxim,-18.51,-54.76,74.1,43,0,1.39,BR,1590518585
196,iberia,29.95,-91.75,87.01,65,1,12.75,US,1590518585
197,tiszaujvaros,47.93,21.08,59.0,67,87,14.99,HU,1590518586
198,lata,40.16,-8.33,82.99,51,54,4.0,PT,1590518586
199,parfino,57.97,31.65,53.1,68,53,5.03,RU,1590518587
200,vaitape,-16.52,-151.75,82.65,72,0,5.46,PF,1590518588
201,viedma,-40.81,-63.0,65.1,33,6,15.01,AR,1590518316
202,jalu,29.03,21.55,80.78,21,100,12.77,LY,1590518589
203,bignona,12.81,-16.23,87.8,62,0,11.41,SN,1590518589
204,kavieng,-2.57,150.8,82.87,73,1,5.66,PG,1590518590
205,portland,45.52,-122.68,66.99,63,75,5.82,US,1590518539
206,sapele,5.89,5.68,77.5,90,100,4.36,NG,1590518593
207,alta floresta,-9.88,-56.09,91.4,49,0,4.7,BR,1590518593
208,hami,42.8,93.45,71.28,30,46,4.81,CN,1590518594
209,tikrit,34.61,43.68,82.58,17,0,8.01,IQ,1590518594
210,itarema,-2.92,-39.92,81.99,80,10,8.7,BR,1590518595
211,malazgirt,39.14,42.54,51.39,74,17,0.72,TR,1590518595
212,carutapera,-1.2,-46.02,81.93,85,41,5.86,BR,1590518596
213,samarai,-10.62,150.67,79.59,87,11,5.79,PG,1590518597
214,den helder,52.96,4.76,62.6,67,20,8.05,NL,1590518305
215,mezen,65.85,44.24,49.48,70,78,2.84,RU,1590518423
216,heishan,41.69,122.11,60.28,62,99,4.72,CN,1590518599
217,fuzhou,26.06,119.31,73.4,88,75,13.42,CN,1590518600
218,arraial do cabo,-22.97,-42.03,73.4,49,0,19.46,BR,1590518600
219,terrak,65.09,12.37,50.0,87,75,11.41,NO,1590518601
220,mindelo,16.89,-24.98,80.6,61,40,23.04,CV,1590518602
221,narsimhapur,22.95,79.2,91.31,14,98,12.08,IN,1590518602
222,burla,21.5,83.87,87.17,40,78,7.0,IN,1590518602
223,carnarvon,-24.87,113.63,63.43,56,0,15.61,AU,1590518603
224,camapua,-19.53,-54.04,75.56,36,0,3.67,BR,1590518604
225,buala,-8.14,159.59,80.74,80,97,6.26,SB,1590518604
226,xining,36.62,101.77,41.77,77,93,3.06,CN,1590518605
227,hofn,64.25,-15.21,48.25,62,94,19.26,IS,1590518605
228,mehamn,71.04,27.85,50.0,66,100,2.24,NO,1590518606
229,lufilufi,-13.87,-171.6,87.01,74,97,5.01,WS,1590518607
230,gorno-altaysk,51.96,85.95,55.17,79,0,3.8,RU,1590518607
231,hafizabad,32.07,73.69,90.7,24,0,6.11,PK,1590518608
232,bilibino,68.05,166.44,35.69,79,0,1.86,RU,1590518608
233,sioux lookout,50.1,-91.92,60.8,93,90,2.24,CA,1590518609
234,hambantota,6.12,81.12,82.4,94,90,10.29,LK,1590518610
235,moyale,3.52,39.06,67.73,88,36,4.36,KE,1590518610
236,bengkulu,-3.8,102.27,76.98,88,100,3.78,ID,1590518611
237,hay river,60.82,-115.8,37.4,74,75,10.29,CA,1590518611
238,opotiki,-38.08,177.28,51.01,81,100,5.99,NZ,1590518612
239,shasta lake,40.68,-122.37,91.0,36,100,1.86,US,1590518612
240,kilindoni,-7.91,39.67,79.21,83,9,10.09,TZ,1590518612
241,saint george,37.1,-113.58,80.6,11,1,3.36,US,1590518613
242,hearst,49.68,-83.67,58.05,91,100,9.04,CA,1590518613
243,santa elena,-2.23,-80.85,77.0,73,8,10.29,EC,1590518614
244,havre-saint-pierre,50.23,-63.6,64.4,63,1,19.46,CA,1590518614
245,semme,46.2,1.5,71.6,35,0,12.75,FR,1590518614
246,tacuarembo,-31.73,-55.98,58.5,72,97,9.44,UY,1590518615
247,herran,7.51,-72.48,96.8,32,40,23.04,CO,1590518615
248,kutum,14.2,24.67,77.86,16,71,13.53,SD,1590518616
249,port hedland,-20.32,118.57,62.6,67,1,9.17,AU,1590518616
250,quang ngai,15.12,108.8,79.18,86,100,4.68,VN,1590518616
251,poum,-20.23,164.02,75.33,59,0,10.16,NC,1590518617
252,safaga,26.73,33.94,80.31,40,19,7.11,EG,1590518437
253,orodara,10.95,-4.93,91.4,52,20,11.41,BF,1590518618
254,nanortalik,60.14,-45.24,42.03,86,100,10.02,GL,1590518618
255,lagoa,39.05,-27.98,65.08,87,0,2.93,PT,1590518619
256,tobol,52.68,62.58,58.53,77,0,11.05,KZ,1590518619
257,brokopondo,4.75,-55.17,83.82,75,29,6.82,SR,1590518620
258,grootfontein,-19.57,18.12,60.75,31,0,7.47,NA,1590518621
259,waitati,-45.75,170.57,43.0,88,9,3.0,NZ,1590518621
260,salo,45.61,10.53,73.4,38,40,9.17,IT,1590518622
261,sao raimundo das mangabeiras,-7.02,-45.48,87.53,54,70,2.86,BR,1590518622
262,port lincoln,-34.73,135.87,55.8,86,82,15.14,AU,1590518622
263,cabanas,22.98,-82.92,87.8,70,75,10.29,CU,1590518623
264,thinadhoo,0.53,72.93,84.06,71,1,4.29,MV,1590518623
265,tura,25.52,90.22,74.7,95,93,11.34,IN,1590518624
266,tema,5.67,-0.02,84.2,70,20,9.17,GH,1590518624
267,ludza,56.55,27.72,50.27,67,0,3.69,LV,1590518625
268,windhoek,-22.56,17.08,55.4,28,0,3.36,NA,1590518625
269,vyazemskiy,47.54,134.75,45.43,90,98,2.28,RU,1590518625
270,marovoay,-16.1,46.63,71.6,88,0,2.24,MG,1590518626
271,parbatipur,25.66,88.92,81.99,84,64,11.59,BD,1590518626
272,iqaluit,63.75,-68.51,33.8,74,75,21.92,CA,1590518627
273,terre haute,39.47,-87.41,84.99,58,75,8.05,US,1590518627
274,oyama,36.3,139.8,70.0,93,75,5.82,JP,1590518627
275,kangaatsiaq,68.31,-53.46,31.03,93,100,14.56,GL,1590518628
276,asau,46.43,26.4,50.0,86,67,3.15,RO,1590518628
277,sobolevo,54.43,31.9,50.29,85,100,1.23,RU,1590518629
278,omsukchan,62.53,155.8,31.96,94,4,2.26,RU,1590518629
279,east london,-33.02,27.91,52.05,70,59,27.25,ZA,1590518419
280,yulara,-25.24,130.99,57.2,82,90,5.82,AU,1590518630
281,kungurtug,50.6,97.52,49.95,66,94,3.58,RU,1590518630
282,uray,60.12,64.78,49.73,64,77,2.48,RU,1590518631
283,pedernales,18.04,-71.74,89.6,66,40,18.34,DO,1590518631
284,aklavik,68.22,-135.01,33.8,86,40,14.99,CA,1590518632
285,urusha,54.05,122.9,46.02,57,0,0.63,RU,1590518632
286,bubaque,11.28,-15.83,79.32,80,0,17.4,GW,1590518633
287,acapulco,16.86,-99.89,82.4,65,75,11.41,MX,1590518628
288,booue,-0.09,11.94,76.53,91,100,1.5,GA,1590518634
289,izumo,35.37,132.77,59.0,93,75,6.93,JP,1590518634
290,umea,63.83,20.26,59.0,54,100,11.41,SE,1590518635
291,lokosovo,61.13,74.82,44.24,71,14,8.81,RU,1590518635
292,waipawa,-41.41,175.52,53.6,71,15,11.41,NZ,1590518636
293,biloela,-24.42,150.5,48.58,68,0,2.17,AU,1590518637
294,cockburn town,21.46,-71.14,81.46,83,86,13.18,TC,1590518639
295,nishihara,26.18,127.76,78.8,94,75,11.41,JP,1590518640
296,kuching,1.55,110.33,77.0,100,40,3.36,MY,1590518640
297,bandarbeyla,9.49,50.81,84.2,60,100,11.79,SO,1590518641
298,cherskiy,68.75,161.3,46.78,51,68,3.89,RU,1590518641
299,yarmouth,41.71,-70.23,71.01,73,75,6.93,US,1590518641
300,hargeysa,9.56,44.06,73.81,66,18,9.75,SO,1590518642
301,eureka,40.8,-124.16,66.0,67,100,1.01,US,1590518446
302,orlik,52.52,99.83,54.1,62,97,8.7,RU,1590518643
303,flinders,-34.58,150.86,55.0,91,81,1.01,AU,1590518643
304,burnie,-41.07,145.92,53.01,77,100,3.0,AU,1590518587
305,sitka,57.05,-135.33,50.0,81,75,3.36,US,1590518644
306,suntar,62.14,117.63,53.51,78,92,9.33,RU,1590518644
307,kangema,-0.68,36.97,60.01,86,67,8.99,KE,1590518645
308,tupik,54.43,119.93,45.63,58,0,3.2,RU,1590518646
309,pedro ii,-4.42,-41.46,77.77,86,63,4.68,BR,1590518646
310,zaliztsi,49.79,25.37,47.05,97,100,4.79,UA,1590518646
311,marihatag,8.79,126.3,78.49,86,100,4.29,PH,1590518647
312,rincon,32.3,-81.24,75.2,94,90,10.29,US,1590518647
313,carauari,-4.88,-66.9,89.85,50,0,4.34,BR,1590518648
314,kyrylivka,46.38,35.37,59.52,76,98,9.37,UA,1590518648
315,villanueva de la serena,38.98,-5.8,70.52,67,62,13.0,ES,1590518649
316,tutoia,-2.76,-42.27,83.14,75,16,8.28,BR,1590518649
317,taybad,34.74,60.78,82.38,20,0,14.14,IR,1590518649
318,la sarre,48.8,-79.2,61.99,90,100,9.53,CA,1590518653
319,santa lucia,27.91,-15.54,79.0,78,20,24.16,ES,1590518654
320,la asuncion,11.03,-63.86,89.6,62,20,19.46,VE,1590518654
321,colborne,44.0,-77.88,84.99,48,75,9.17,CA,1590518655
322,lundazi,-12.29,33.18,65.1,73,0,5.48,ZM,1590518655
323,swan river,52.11,-101.27,72.37,40,51,8.99,CA,1590518656
324,olinda,-8.01,-34.86,86.0,70,40,11.41,BR,1590518656
325,yar-sale,66.83,70.83,36.59,81,0,9.71,RU,1590518657
326,shush,32.19,48.24,92.98,11,0,12.88,IR,1590518657
327,mocuba,-16.84,36.99,73.29,66,6,4.41,MZ,1590518658
328,inhambane,-23.86,35.38,75.2,88,0,13.87,MZ,1590518658
329,raton,36.9,-104.44,68.0,22,1,8.05,US,1590518658
330,zhigansk,66.77,123.37,49.21,80,1,9.26,RU,1590518659
331,rosarito,32.33,-117.03,78.01,57,5,11.41,MX,1590518659
332,springdale,36.19,-94.13,71.01,100,90,13.87,US,1590518660
333,novoagansk,61.94,76.66,44.4,66,34,13.67,RU,1590518660
334,oistins,13.07,-59.53,87.8,66,20,17.22,BB,1590518647
335,yerofey pavlovich,53.97,121.97,46.69,57,0,0.94,RU,1590518661
336,marsh harbour,26.54,-77.06,79.83,82,100,17.65,BS,1590518661
337,turukhansk,65.82,87.98,38.44,76,11,17.65,RU,1590518662
338,cabinda,-5.55,12.2,78.31,81,38,8.12,AO,1590518663
339,katangli,51.71,143.23,44.33,80,100,15.64,RU,1590518663
340,horsham,51.06,-0.33,75.2,36,99,6.93,GB,1590518661
341,bhakkar,31.63,71.07,99.05,10,0,5.3,PK,1590518664
342,roald,62.58,6.13,55.0,87,75,18.34,NO,1590518664
343,coralville,41.68,-91.58,82.99,58,75,12.75,US,1590518665
344,egersund,58.45,6.0,52.0,87,75,8.05,NO,1590518665
345,homer,59.64,-151.55,51.8,57,40,10.29,US,1590518665
346,meiganga,6.52,14.3,68.59,92,100,5.57,CM,1590518666
347,constitucion,-35.33,-72.42,65.08,51,0,4.12,CL,1590518667
348,ostrovnoy,68.05,39.51,43.68,63,0,6.29,RU,1590518667
349,stephenville,32.22,-98.2,75.2,50,40,8.05,US,1590518668
350,quelimane,-17.88,36.89,78.8,83,42,9.17,MZ,1590518668
351,tsabong,-26.02,22.4,45.75,53,0,9.28,BW,1590518669
352,saldanha,-33.01,17.94,51.8,76,76,4.7,ZA,1590518669
353,cabo san lucas,22.89,-109.91,86.0,57,40,6.93,MX,1590518669
354,sorland,67.67,12.69,48.2,93,90,18.34,NO,1590518670
355,seoul,37.57,126.98,57.2,100,0,2.24,KR,1590518464
356,dudinka,69.41,86.18,32.0,89,75,20.13,RU,1590518671
357,ambilobe,-13.2,49.05,69.08,85,0,3.62,MG,1590518671
358,balkanabat,39.51,54.37,70.9,53,0,9.31,TM,1590518671
359,makat,47.65,53.35,78.31,42,0,8.7,KZ,1590518672
360,thohoyandou,-22.95,30.48,67.73,26,31,4.09,ZA,1590518672
361,te anau,-45.42,167.72,39.7,88,29,0.83,NZ,1590518673
362,sremski karlovci,45.2,19.93,53.6,100,19,6.93,RS,1590518673
363,pandan,14.05,124.17,79.2,85,8,6.08,PH,1590518674
364,kudahuvadhoo,2.67,72.89,83.44,79,93,11.63,MV,1590518674
365,hanumangarh,29.58,74.32,97.36,9,0,2.98,IN,1590518675
366,bardiyah,31.76,25.09,68.0,73,0,14.18,LY,1590518675
367,yelizovo,53.19,158.38,41.0,86,75,4.47,RU,1590518675
368,merauke,-8.47,140.33,77.43,86,99,12.1,ID,1590518676
369,canico,32.63,-16.85,71.6,68,20,5.82,PT,1590518676
370,afrikanda,67.44,32.78,42.58,84,42,4.38,RU,1590518677
371,hudson bay,52.85,-102.38,72.66,36,100,7.14,CA,1590518677
372,luderitz,-26.65,15.16,59.0,54,0,16.11,NA,1590518678
373,namie,37.48,141.0,62.01,95,100,3.4,JP,1590518678
374,rjukan,59.88,8.59,61.0,56,7,3.0,NO,1590518679
375,san jeronimo,-11.95,-75.28,61.47,30,0,6.24,PE,1590518679
376,rayachoti,14.05,78.75,85.33,59,66,10.45,IN,1590518680
377,qui nhon,13.77,109.23,81.19,82,100,4.72,VN,1590518680
378,minab,27.15,57.08,91.4,46,0,6.93,IR,1590518680
379,anadyr,64.75,177.48,33.8,98,75,13.42,RU,1590518681
380,zyryanka,65.75,150.85,46.78,55,0,2.42,RU,1590518681
381,sao filipe,14.9,-24.5,76.23,71,100,7.65,CV,1590518682
382,goryachegorsk,55.41,88.92,43.75,90,100,14.16,RU,1590518682
383,jiaojiang,28.68,121.44,70.0,73,100,5.03,CN,1590518683
384,russell,32.35,-85.2,73.4,83,90,9.17,US,1590518684
385,tukrah,32.53,20.58,67.05,72,0,10.16,LY,1590518684
386,warwick,41.7,-71.42,82.99,64,20,10.29,US,1590518684
387,kulhudhuffushi,6.62,73.07,84.49,80,100,14.0,MV,1590518685
388,kloulklubed,7.04,134.26,78.8,88,75,4.7,PW,1590518685
389,san cristobal,7.77,-72.22,96.8,32,40,23.04,VE,1590518686
390,dabat,12.98,37.77,63.59,66,70,2.68,ET,1590518686
391,buin,-33.73,-70.75,75.2,31,0,5.82,CL,1590518687
392,bama,11.52,13.69,95.95,27,97,3.67,NG,1590518688
393,nogliki,51.83,143.17,44.17,81,100,17.9,RU,1590518688
394,lompoc,34.64,-120.46,73.0,60,1,12.75,US,1590518689
395,khani,41.96,42.96,64.4,72,2,4.7,GE,1590518689
396,tessalit,20.2,1.01,98.73,13,100,7.96,ML,1590518689
397,clyde river,70.47,-68.59,26.6,79,75,4.7,CA,1590518690
398,yertarskiy,56.79,64.3,49.48,86,0,2.48,RU,1590518690
399,drayton valley,53.22,-114.99,48.99,82,63,8.14,CA,1590518691
400,trinidad,-14.83,-64.9,82.4,51,20,4.7,BO,1590518692
401,belaya gora,68.53,146.42,49.64,45,12,15.79,RU,1590518692
402,vung tau,10.35,107.08,84.51,75,4,10.83,VN,1590518693
403,coihaique,-45.58,-72.07,53.6,50,40,4.7,CL,1590518693
404,mount isa,-20.73,139.5,42.8,81,100,4.7,AU,1590518694
405,imeni poliny osipenko,52.42,136.49,49.64,66,90,3.2,RU,1590518694
406,vostok,46.49,135.88,38.82,99,0,3.18,RU,1590518694
407,taoudenni,22.68,-3.98,99.05,10,0,9.57,ML,1590518695
408,balakhninskiy,58.01,114.28,51.69,79,87,4.45,RU,1590518695
409,homestead,25.47,-80.48,89.01,79,75,14.99,US,1590518696
410,chumikan,54.72,135.31,36.9,92,100,5.28,RU,1590518696
411,caravelas,-17.71,-39.25,81.93,82,100,3.06,BR,1590518696
412,cayambe,0.05,-78.13,77.0,27,40,18.34,EC,1590518697
413,ternate,0.8,127.4,81.12,77,20,4.29,ID,1590518697
414,ankpa,7.37,7.63,79.18,82,100,2.62,NG,1590518698
415,newcastleton,55.18,-2.81,59.0,54,100,13.87,GB,1590518698
416,chuy,-33.7,-53.46,56.16,66,81,12.64,UY,1590518699
417,kasongo,-4.45,26.67,75.9,71,0,1.48,CD,1590518700
418,talnakh,69.49,88.4,32.0,94,75,20.13,RU,1590518700
419,ust-ishim,57.69,71.17,46.04,78,0,5.26,RU,1590518701
420,samagaltay,50.6,95.0,55.74,56,51,4.32,RU,1590518701
421,kharan,28.58,65.42,90.61,11,0,7.96,PK,1590518702
422,paamiut,61.99,-49.67,37.94,93,96,12.93,GL,1590518702
423,pacific grove,36.62,-121.92,88.0,60,1,4.7,US,1590518702
424,sohag,26.56,31.69,82.44,16,0,11.43,EG,1590518413
425,kajaani,64.23,27.73,64.4,27,52,2.24,FI,1590518704
426,bintulu,3.17,113.03,80.6,94,75,1.12,MY,1590518704
427,mecca,21.43,39.83,90.3,28,27,2.57,SA,1590518705
428,christchurch,-43.53,172.63,32.0,83,90,4.14,NZ,1590518705
429,taltal,-25.4,-70.48,65.03,61,22,2.75,CL,1590518705
430,ahuimanu,21.44,-157.84,78.8,74,90,6.76,US,1590518706
431,syracuse,37.09,15.28,69.8,68,40,4.7,IT,1590518706
432,santa marta,11.24,-74.2,91.4,66,75,8.05,CO,1590518707
433,zhezkazgan,47.8,67.71,79.45,30,0,11.72,KZ,1590518707
434,leshukonskoye,64.9,45.76,47.77,77,64,1.07,RU,1590518505
435,hokitika,-42.72,170.97,47.03,64,11,3.91,NZ,1590518708
436,ushtobe,45.25,77.98,75.07,27,0,10.98,KZ,1590518709
437,liverpool,53.41,-2.98,64.99,55,48,11.41,GB,1590518514
438,najran,17.49,44.13,86.0,20,0,4.7,SA,1590518710
439,almaznyy,48.04,40.05,55.4,87,0,4.05,RU,1590518710
440,husavik,66.04,-17.34,50.0,43,40,25.28,IS,1590518710
441,callaway,30.15,-85.57,82.0,74,90,9.17,US,1590518711
442,iquitos,-3.75,-73.25,82.4,74,75,5.82,PE,1590518711
443,ugoofaaru,5.67,73.0,84.22,81,68,12.71,MV,1590518712
444,bentiu,9.23,29.83,83.73,61,18,3.53,SS,1590518712
445,bograd,54.23,90.83,68.0,68,9,13.42,RU,1590518712
446,fairbanks,64.84,-147.72,52.0,71,90,4.7,US,1590518623
447,ordu,40.91,37.68,44.55,100,18,2.26,TR,1590518714
448,sakakah,29.97,40.21,86.0,12,0,8.05,SA,1590518714
449,dzilam gonzalez,21.28,-88.93,105.82,30,0,2.89,MX,1590518715
450,de-kastri,51.47,140.78,43.54,67,66,5.64,RU,1590518715
451,havoysund,71.0,24.66,50.0,66,100,2.24,NO,1590518716
452,thyolo,-16.07,35.14,67.75,65,5,4.85,MW,1590518716
453,praya,14.92,-23.51,80.6,65,82,2.24,CV,1590518717
454,grindavik,63.84,-22.43,46.4,75,40,17.22,IS,1590518717
455,vargashi,55.36,65.85,50.29,85,0,6.67,RU,1590518717
456,nyrob,60.73,56.72,49.44,80,80,0.6,RU,1590518718
457,vallenar,-28.57,-70.76,79.48,25,0,7.49,CL,1590518718
458,tabuk,17.42,121.44,75.6,86,100,2.44,PH,1590518719
459,san quintin,30.48,-115.95,74.23,56,0,13.53,MX,1590518719
460,roanoke,37.27,-79.94,75.99,64,75,3.36,US,1590518720
461,le pradet,43.11,6.02,75.0,64,65,4.7,FR,1590518720
462,zaragoza,41.66,-0.88,82.0,47,0,6.93,ES,1590518582
463,gambo,4.65,22.26,73.69,91,100,3.06,CF,1590518721
464,goderich,43.75,-81.72,87.01,64,0,5.68,CA,1590518721
465,cabedelo,-6.98,-34.83,86.0,70,20,6.93,BR,1590518722
466,rawson,-43.3,-65.1,66.7,32,100,7.27,AR,1590518639
467,coolum beach,-26.53,153.1,52.0,92,100,2.77,AU,1590518723
468,sept-iles,50.2,-66.38,68.0,60,75,9.17,CA,1590518723
469,chara,56.91,118.26,51.85,54,3,2.93,RU,1590518724
470,evanston,42.04,-87.69,89.6,46,75,8.05,US,1590518724
471,vila franca do campo,37.72,-25.43,68.0,82,75,11.41,PT,1590518725
472,torbay,47.67,-52.73,61.0,72,90,28.86,CA,1590518726
473,soligalich,59.08,42.29,48.24,88,95,1.66,RU,1590518726
474,noumea,-22.28,166.46,73.99,77,0,3.36,NC,1590518728
475,la ronge,55.1,-105.28,69.8,43,90,13.87,CA,1590518728
476,weiz,47.22,15.62,55.99,62,57,1.99,AT,1590518728
477,riachao,-7.36,-46.62,80.08,81,100,0.58,BR,1590518729
478,liwale,-9.77,37.93,68.47,78,0,2.86,TZ,1590518729
479,zaraza,9.35,-65.32,92.93,47,100,5.57,VE,1590518730
480,gerash,27.67,54.14,89.6,24,0,4.7,IR,1590518502
481,contamana,-7.33,-75.02,90.91,43,28,4.45,PE,1590518731
482,margate,51.38,1.39,70.0,53,100,1.01,GB,1590518731
483,evans,33.53,-82.13,71.01,83,100,1.01,US,1590518617
484,grand gaube,-20.01,57.66,75.0,76,56,5.01,MU,1590518732
485,kargat,55.2,80.28,47.61,77,19,11.34,RU,1590518733
486,shyroke,47.69,33.26,53.6,87,0,4.47,UA,1590518733
487,jaypur,18.85,82.58,84.58,48,58,5.99,IN,1590518734
488,sebring,27.5,-81.44,93.99,70,75,9.17,US,1590518735
489,porto novo,6.5,2.6,84.2,79,20,10.29,BJ,1590518735
490,sorokino,53.75,84.92,54.59,74,58,10.94,RU,1590518735
491,salmas,38.2,44.77,59.29,50,10,2.04,IR,1590518736
492,abu samrah,35.3,37.18,77.86,25,87,8.79,SY,1590518736
493,itaborai,-22.74,-42.86,75.2,46,0,11.41,BR,1590518737
494,yokote,39.3,140.57,56.73,86,100,0.65,JP,1590518737
495,oriximina,-1.77,-55.87,88.59,58,0,5.01,BR,1590518738
496,raudeberg,61.99,5.14,51.01,88,100,19.69,NO,1590518738
497,arnprior,45.43,-76.35,88.0,56,40,1.99,CA,1590518738
498,wakkanai,45.41,141.67,48.88,91,100,7.52,JP,1590518739
499,freeport,40.66,-73.58,75.99,73,1,8.05,US,1590518739
500,cururupu,-1.83,-44.87,84.63,70,5,5.08,BR,1590518740
501,luanda,-8.84,13.23,78.8,78,20,11.41,AO,1590518740
502,ossora,59.24,163.07,34.66,95,100,8.03,RU,1590518740
503,lavrentiya,65.58,-171.0,35.65,87,71,6.13,RU,1590518741
504,tete,-16.16,33.59,78.8,47,0,3.36,MZ,1590518741
505,itoman,26.12,127.67,78.8,94,75,11.41,JP,1590518742
506,mayumba,-3.43,10.66,78.39,87,100,7.81,GA,1590518742
507,virginia beach,36.85,-75.98,68.0,88,90,6.93,US,1590518511
508,laguna,38.42,-121.42,95.0,29,1,3.36,US,1590518743
509,hajnowka,52.74,23.58,55.0,67,58,1.01,PL,1590518743
510,santa cruz del sur,20.71,-78.0,86.77,65,100,9.48,CU,1590518744
511,hobyo,5.35,48.53,82.92,77,0,22.82,SO,1590518744
512,masterton,-40.96,175.66,48.0,85,79,1.5,NZ,1590518745
513,mount vernon,40.91,-73.84,81.0,64,20,6.93,US,1590518745
514,nizhniy kuranakh,58.84,125.49,53.29,51,0,5.08,RU,1590518745
515,zhicheng,30.3,111.5,73.0,85,75,4.25,CN,1590518746
516,pomabamba,-8.83,-77.47,60.35,46,69,7.43,PE,1590518747
517,whitehorse,60.72,-135.05,52.0,31,75,3.36,CA,1590518747
518,poso,-1.4,120.75,79.9,75,86,4.09,ID,1590518748
519,dekar,-21.53,21.93,53.06,47,0,12.97,BW,1590518748
520,malanville,11.87,3.39,93.83,38,32,4.34,BJ,1590518749
521,rudnogorsk,57.26,103.75,49.66,89,100,0.98,RU,1590518749
522,urucara,-2.54,-57.76,86.9,67,22,2.44,BR,1590518750
523,kampot,10.62,104.18,81.86,79,100,5.01,KH,1590518750
524,rio grande,-32.03,-52.1,64.4,48,40,16.11,BR,1590518718
525,kununurra,-15.77,128.73,66.2,82,40,1.7,AU,1590518751
526,sur,22.57,59.53,89.65,48,0,10.56,OM,1590518594
527,petropavlovsk-kamchatskiy,53.05,158.65,41.0,86,75,4.47,RU,1590518752
528,fukue,32.69,128.84,66.13,73,60,13.96,JP,1590518752
529,san luis,-33.3,-66.34,76.93,19,0,9.55,AR,1590518753
530,henties bay,-22.12,14.28,57.0,81,0,3.0,NA,1590518753
531,nantucket,41.28,-70.1,64.4,88,90,4.7,US,1590518754
532,filadelfia,39.95,-75.16,82.99,57,20,4.7,US,1590518532
533,ixtapa,20.7,-105.2,82.0,65,20,11.41,MX,1590518755
534,opuwo,-18.06,13.84,59.85,40,2,3.27,NA,1590518755
535,tacna,-18.01,-70.25,71.6,60,0,9.17,PE,1590518756
536,sarangani,5.4,125.46,83.82,76,8,7.61,PH,1590518756
537,shalyhyne,51.57,34.12,50.23,94,100,5.3,UA,1590518757
538,gat,31.61,34.76,73.99,60,0,3.36,IL,1590518757
539,langsa,4.47,97.97,76.15,91,100,2.19,ID,1590518757
540,batagay,67.63,134.63,54.52,81,0,5.08,RU,1590518758
541,vilyuysk,63.76,121.62,56.82,52,100,6.11,RU,1590518758
542,krasnyy chikoy,50.36,108.75,48.79,78,100,3.85,RU,1590518759
543,rafaela,-31.25,-61.49,70.0,44,0,7.31,AR,1590518759
544,roma,43.21,-75.46,88.0,48,1,4.7,US,1590518593
545,yerbogachen,61.28,108.01,40.98,68,0,7.07,RU,1590518760
546,dingle,11.0,122.67,78.94,80,0,3.22,PH,1590518760
547,lisala,2.15,21.52,75.45,88,100,1.1,CD,1590518761
548,maragogi,-9.01,-35.22,79.57,87,100,10.56,BR,1590518761
549,saint-augustin,51.23,-58.65,60.13,69,81,16.42,CA,1590518761
550,panama city,8.99,-79.52,89.6,70,40,6.93,PA,1590518677
551,dakar,14.69,-17.44,77.0,78,40,11.41,SN,1590518701
552,tahta,26.77,31.5,87.8,18,0,11.41,EG,1590518626
553,grand forks,47.93,-97.03,71.6,46,90,5.82,US,1590518763
554,maningrida,-12.07,134.27,67.03,77,50,8.21,AU,1590518764
555,richards bay,-28.78,32.04,65.37,55,100,8.84,ZA,1590518764
556,carupano,10.67,-63.26,87.71,61,17,16.4,VE,1590518764
557,yumen,40.28,97.2,58.8,37,54,10.4,CN,1590518765
558,tual,-5.67,132.75,81.27,84,58,16.53,ID,1590518765
559,katherine,-14.47,132.27,62.6,67,9,5.82,AU,1590518766
560,son la,21.32,103.9,70.68,94,81,1.79,VN,1590518766
561,nalut,30.33,10.85,83.34,17,7,18.59,LY,1590518767
562,lima,-12.04,-77.03,69.8,68,40,8.05,PE,1590518563
563,emba,48.83,58.14,77.14,54,0,22.57,KZ,1590518768
564,dauphin,51.15,-100.05,75.2,33,1,4.7,CA,1590518768
565,qasigiannguit,68.82,-51.19,35.6,64,40,5.82,GL,1590518769
566,aksum,14.12,38.72,71.55,37,34,7.38,ET,1590518769
567,darhan,49.49,105.92,55.26,71,100,9.33,MN,1590518769
568,marzuq,14.4,46.47,81.01,60,9,3.76,YE,1590518770
569,tazovskiy,67.47,78.7,34.83,86,0,12.91,RU,1590518770
570,senno,59.53,33.92,49.05,81,68,4.07,RU,1590518771
571,torbat-e jam,35.24,60.62,81.21,20,0,12.82,IR,1590518771
572,magadan,59.57,150.8,39.34,80,0,5.77,RU,1590518772
573,nyirvasvari,47.82,22.19,57.2,67,74,8.05,HU,1590518773
574,tessaoua,13.76,7.99,92.82,31,97,2.44,NE,1590518773
575,gauting,48.07,11.38,59.0,47,61,9.17,DE,1590518567
576,sondershausen,51.37,10.87,61.0,62,20,4.7,DE,1590518774
577,lobva,59.19,60.52,48.78,88,17,1.72,RU,1590518774
578,port hardy,50.7,-127.42,55.4,54,20,12.75,CA,1590518775
